{"stats":{"minecraft:crafted":{"minecraft:oak_planks":20,"minecraft:stone_axe":1,"minecraft:crafting_table":1,"minecraft:stick":8,"minecraft:wooden_pickaxe":1,"minecraft:stone_pickaxe":1},"minecraft:mined":{"minecraft:oak_log":23,"minecraft:coal_ore":10,"minecraft:stone":20,"minecraft:crafting_table":1,"minecraft:oak_leaves":2},"minecraft:used":{"minecraft:stone_axe":20,"minecraft:crafting_table":1,"minecraft:stone_pickaxe":22,"minecraft:wooden_pickaxe":8},"minecraft:picked_up":{"minecraft:crafting_table":1,"minecraft:oak_log":23,"minecraft:coal":10,"minecraft:cobblestone":20},"minecraft:custom":{"minecraft:time_since_rest":5407,"minecraft:crouch_one_cm":348,"minecraft:play_time":5407,"minecraft:sprint_one_cm":6809,"minecraft:walk_one_cm":9292,"minecraft:sneak_time":311,"minecraft:jump":43,"minecraft:time_since_death":5407,"minecraft:total_world_time":5407,"minecraft:fall_one_cm":896,"minecraft:interact_with_crafting_table":3,"minecraft:fly_one_cm":9211}},"DataVersion":3465}