{"stats":{"minecraft:crafted":{"minecraft:cooked_beef":5,"minecraft:oak_planks":20,"minecraft:crafting_table":1,"minecraft:stick":8,"minecraft:wooden_pickaxe":1,"minecraft:stone_pickaxe":1,"minecraft:furnace":1,"minecraft:stone_axe":1,"minecraft:air":0},"minecraft:killed":{"minecraft:zombie":4,"minecraft:pig":5,"minecraft:cow":6},"minecraft:mined":{"minecraft:crafting_table":1,"minecraft:grass":2,"minecraft:coal_ore":10,"minecraft:oak_log":29,"minecraft:tall_grass":1,"minecraft:cobblestone":6,"minecraft:stone":20,"minecraft:kelp":1,"minecraft:oak_leaves":2},"minecraft:used":{"minecraft:stone_pickaxe":28,"minecraft:wooden_pickaxe":8,"minecraft:stone_axe":52,"minecraft:cobblestone":6,"minecraft:crafting_table":2,"minecraft:furnace":1,"minecraft:cooked_beef":3},"minecraft:dropped":{"minecraft:wheat_seeds":1,"minecraft:rotten_flesh":2},"minecraft:picked_up":{"minecraft:crafting_table":1,"minecraft:leather":4,"minecraft:potato":1,"minecraft:porkchop":10,"minecraft:oak_log":29,"minecraft:dirt":2,"minecraft:rotten_flesh":3,"minecraft:wheat_seeds":1,"minecraft:beef":17,"minecraft:coal":10,"minecraft:cobblestone":26},"minecraft:custom":{"minecraft:time_since_rest":17407,"minecraft:interact_with_furnace":7,"minecraft:sprint_one_cm":42089,"minecraft:damage_taken":265,"minecraft:walk_one_cm":25229,"minecraft:mob_kills":15,"minecraft:drop":2,"minecraft:damage_dealt":1901,"minecraft:swim_one_cm":15796,"minecraft:interact_with_crafting_table":5,"minecraft:fly_one_cm":40670,"minecraft:crouch_one_cm":433,"minecraft:play_time":17407,"minecraft:sneak_time":449,"minecraft:walk_under_water_one_cm":259,"minecraft:jump":214,"minecraft:time_since_death":17407,"minecraft:walk_on_water_one_cm":1024,"minecraft:total_world_time":17407,"minecraft:fall_one_cm":4639}},"DataVersion":3465}